{
  "name": "angular-touch",
  "version": "1.5.11",
  "license": "MIT",
  "main": "./angular-touch.js",
  "ignore": [],
  "dependencies": {
    "angular": "1.5.11"
  },
  "homepage": "https://github.com/angular/bower-angular-touch",
  "_release": "1.5.11",
  "_resolution": {
    "type": "version",
    "tag": "v1.5.11",
    "commit": "e38e25ede75dc0e03a86c068a600a83ac40a6a20"
  },
  "_source": "https://github.com/angular/bower-angular-touch.git",
  "_target": "~1.5.8",
  "_originalSource": "angular-touch"
}