{
  "name": "angular-morris-chart",
  "main": "src/angular-morris-chart.min.js",
  "version": "1.1.0",
  "authors": [
    "Stewan Pacheco <talk@stpa.co>"
  ],
  "description": "Wrapper of morris.js for AngularJS",
  "keywords": [
    "angular",
    "morris",
    "chart"
  ],
  "license": "MIT",
  "homepage": "https://angular-morris-chart.stpa.co",
  "private": false,
  "dependencies": {
    "angular": "1.3.x",
    "morris.js": "0.5.x"
  },
  "devDependencies": {
    "moment": "~2.8.4",
    "bootstrap": "~3.3.1",
    "highlightjs": "~8.5.0",
    "angular-mocks": "~1.3.15"
  },
  "ignore": [
    "**/.*",
    "node_modules",
    "bower_components",
    "test",
    "tests"
  ],
  "_release": "1.1.0",
  "_resolution": {
    "type": "version",
    "tag": "1.1.0",
    "commit": "821b1359bb89f17ddb0e1b0c7f605ab7a6df8660"
  },
  "_source": "https://github.com/stpa-co/angular-morris-chart.git",
  "_target": "~1.1.0",
  "_originalSource": "angular-morris-chart"
}