{
  "name": "angular-ui-sortable",
  "version": "0.15.1",
  "main": [
    "./sortable.js"
  ],
  "dependencies": {
    "angular": ">=1.2.x",
    "jquery": ">=3.1.x",
    "jquery-ui": ">=1.12.x"
  },
  "homepage": "https://github.com/angular-ui/ui-sortable",
  "_release": "0.15.1",
  "_resolution": {
    "type": "version",
    "tag": "v0.15.1",
    "commit": "1a5b8c199e6ac388ff6f573a84f54ecbcaa30c56"
  },
  "_source": "https://github.com/angular-ui/ui-sortable.git",
  "_target": "~0.15.0",
  "_originalSource": "angular-ui-sortable"
}