{
  "name": "fullcalendar",
  "title": "FullCalendar",
  "description": "Full-sized drag & drop event calendar",
  "keywords": [
    "calendar",
    "event",
    "full-sized",
    "jquery-plugin"
  ],
  "homepage": "http://fullcalendar.io/",
  "bugs": "http://fullcalendar.io/wiki/Reporting-Bugs/",
  "repository": {
    "type": "git",
    "url": "https://github.com/fullcalendar/fullcalendar.git"
  },
  "license": "MIT",
  "author": {
    "name": "Adam Shaw",
    "email": "arshaw@arshaw.com",
    "url": "http://arshaw.com/"
  },
  "copyright": "2016 Adam Shaw",
  "dependencies": {
    "jquery": ">=2.0.0",
    "moment": ">=2.9.0"
  },
  "main": [
    "dist/fullcalendar.js",
    "dist/fullcalendar.css"
  ],
  "ignore": [
    "*",
    "**/.*",
    "!/dist/**",
    "!/README.*",
    "!/LICENSE.*",
    "!/CHANGELOG.*",
    "!/CONTRIBUTING.*"
  ],
  "version": "3.0.1",
  "_release": "3.0.1",
  "_resolution": {
    "type": "version",
    "tag": "v3.0.1",
    "commit": "58d25ab32a2d99ad082492472bdb38b8ec1b765d"
  },
  "_source": "https://github.com/fullcalendar/fullcalendar.git",
  "_target": "~3.0.1",
  "_originalSource": "fullcalendar"
}